from_acc,to_acc,amount,sender_balance,receiver_balance,time_of_day,is_fraud
ACC1010,ACC1005,2246.47,5267.85,8669.46,12,0
ACC1005,ACC1005,423.83,10520.22,13767.07,2,0
ACC1004,ACC1002,7698.64,7642.43,16151.18,14,1
ACC1009,ACC1010,9029.06,2390.5,2591.14,11,1
ACC1005,ACC1009,2756.46,9888.83,9566.68,11,0
ACC1006,ACC1007,1350.85,3326.99,5420.91,6,0
ACC1005,ACC1008,8555.94,14384.41,5297.84,19,0
ACC1005,ACC1006,4438.35,3940.12,17603.8,3,1
ACC1000,ACC1001,6182.64,11842.18,8356.57,2,1
ACC1010,ACC1001,3006.35,2549.92,6189.54,19,0
ACC1001,ACC1002,3054.68,314.37,5171.21,11,0
ACC1004,ACC1000,9322.43,4950.62,12702.82,6,1
ACC1004,ACC1009,1039.69,15254.46,2755.54,5,0
ACC1008,ACC1001,9238.41,1278.85,18147.47,3,1
ACC1000,ACC1001,1222.6,4907.67,2535.88,14,0
ACC1002,ACC1000,8636.08,12374.91,19908.92,1,0
ACC1009,ACC1005,3877.71,8345.35,12702.22,13,0
ACC1008,ACC1005,4681.1,14012.15,19743.39,18,0
ACC1006,ACC1000,1863.73,8641.17,691.7,16,0
ACC1005,ACC1001,268.38,10604.61,14966.23,8,0
ACC1010,ACC1001,6663.69,7653.71,1491.53,20,0
ACC1008,ACC1008,4204.68,14327.37,18730.05,3,1
ACC1010,ACC1003,8991.56,3722.23,451.42,8,1
ACC1005,ACC1008,9682.59,1325.89,14895.85,8,1
ACC1004,ACC1002,5584.67,15561.05,11450.13,16,0
ACC1000,ACC1004,9423.97,14777.26,14036.17,8,0
ACC1010,ACC1001,6795.15,18565.51,6330.3,13,0
ACC1005,ACC1000,5588.72,18027.27,10789.02,19,0
ACC1010,ACC1002,129.32,1182.78,19318.15,18,0
ACC1007,ACC1003,7489.05,9777.43,12250.16,2,1
ACC1003,ACC1008,1998.69,10788.17,17536.93,1,0
ACC1002,ACC1007,1443.32,7420.55,2228.81,22,0
ACC1002,ACC1005,910.17,19220.27,13729.49,20,0
ACC1007,ACC1000,2201.4,6171.96,14476.64,16,0
ACC1009,ACC1010,2206.86,673.63,16599.82,4,0
ACC1005,ACC1008,705.65,320.94,1190.42,8,0
ACC1005,ACC1005,6227.03,1442.47,14103.14,2,1
ACC1000,ACC1007,8642.8,4800.55,1103.28,4,1
ACC1001,ACC1007,1702.1,19662.4,4645.01,18,0
ACC1010,ACC1005,4148.26,13914.91,16333.25,21,0
ACC1001,ACC1006,4838.18,3833.75,7147.45,0,0
ACC1009,ACC1001,671.08,3935.83,16615.54,3,0
ACC1009,ACC1009,6694.0,1475.11,9035.28,6,1
ACC1005,ACC1005,3183.26,6593.39,1734.92,8,0
ACC1010,ACC1004,4636.12,4076.2,15950.62,16,0
ACC1004,ACC1003,2767.57,12909.31,5340.58,12,0
ACC1000,ACC1004,9374.3,113.39,18273.66,8,1
ACC1002,ACC1003,4564.57,17399.03,9507.39,10,0
ACC1004,ACC1010,3004.43,1924.02,19771.38,14,0
ACC1006,ACC1009,3634.32,13341.39,6008.33,12,0
ACC1006,ACC1010,8963.1,12063.73,16664.02,19,0
ACC1003,ACC1007,2849.74,11363.56,549.71,0,0
ACC1002,ACC1010,5851.99,19850.13,14674.19,13,0
ACC1008,ACC1008,3878.38,16004.19,618.85,13,0
ACC1001,ACC1010,7281.04,15971.89,7118.48,17,0
ACC1009,ACC1001,9514.21,8008.26,9566.33,14,1
ACC1005,ACC1009,3681.49,13211.58,1597.85,12,0
ACC1006,ACC1008,1540.01,19583.8,12058.46,19,0
ACC1000,ACC1003,3898.32,4771.24,2701.91,21,0
ACC1005,ACC1006,8862.31,6406.93,71.11,3,1
ACC1000,ACC1005,7566.03,8793.57,4548.48,19,0
ACC1010,ACC1009,5929.02,996.2,11645.57,4,1
ACC1006,ACC1000,1785.97,873.17,3453.15,14,0
ACC1010,ACC1000,351.27,19505.49,6300.67,7,0
ACC1003,ACC1010,503.65,8495.59,18336.84,12,0
ACC1001,ACC1002,7967.85,4744.98,5532.44,4,1
ACC1009,ACC1005,2889.1,614.58,6712.4,18,0
ACC1008,ACC1005,4774.64,15882.05,15721.06,13,0
ACC1009,ACC1008,5580.46,11670.98,2719.0,0,0
ACC1007,ACC1004,4126.95,14132.54,16159.81,0,0
ACC1003,ACC1010,5035.33,2877.07,10951.03,13,1
ACC1009,ACC1000,6828.08,5286.93,3718.72,0,1
ACC1004,ACC1010,4578.28,14316.48,17375.49,7,0
ACC1000,ACC1008,8763.26,4090.02,2690.59,18,1
ACC1002,ACC1000,7199.55,13136.93,19854.17,20,0
ACC1007,ACC1010,7156.77,1393.56,17987.33,13,1
ACC1006,ACC1005,3424.48,7281.23,12047.33,23,0
ACC1008,ACC1000,6048.94,11127.08,13108.15,23,0
ACC1010,ACC1009,8642.46,9313.82,3453.16,3,1
ACC1004,ACC1002,8489.37,15865.49,17202.01,19,0
ACC1009,ACC1004,8962.64,19575.87,2907.9,18,0
ACC1001,ACC1009,5522.47,19404.76,2134.0,2,1
ACC1001,ACC1001,4184.02,10455.43,5158.08,14,0
ACC1000,ACC1004,1212.8,162.54,15998.5,13,0
ACC1005,ACC1000,1582.1,6734.65,671.61,20,0
ACC1008,ACC1000,9806.71,78.12,1940.83,4,1
ACC1000,ACC1005,6707.03,8007.8,14986.32,22,0
ACC1004,ACC1004,5568.53,7882.81,7209.97,3,1
ACC1009,ACC1003,1932.85,7404.88,235.85,2,0
ACC1002,ACC1001,4364.88,15643.62,14376.54,23,0
ACC1009,ACC1009,1355.17,12257.07,6439.09,12,0
ACC1001,ACC1003,4830.85,1352.48,9969.12,13,0
ACC1010,ACC1009,3834.79,9312.09,4887.17,2,1
ACC1009,ACC1000,6036.1,12884.99,9649.14,13,0
ACC1007,ACC1002,8243.51,8997.57,3740.57,2,1
ACC1006,ACC1002,2812.14,16731.15,2146.63,1,0
ACC1003,ACC1010,3548.47,6330.44,15122.42,9,0
ACC1010,ACC1003,5152.19,5496.33,4430.33,2,1
ACC1005,ACC1006,619.02,9456.07,10026.07,19,0
ACC1003,ACC1004,7791.66,9239.84,4675.54,16,0
ACC1002,ACC1008,8010.24,9678.15,5669.27,23,0
ACC1005,ACC1002,2525.99,6765.17,3875.68,14,0
ACC1007,ACC1003,7700.57,3124.01,5310.87,15,1
ACC1009,ACC1005,9316.94,14824.81,10632.88,23,0
ACC1001,ACC1000,9998.1,13652.92,12133.08,23,0
ACC1003,ACC1000,5681.05,7198.37,1504.74,4,0
ACC1010,ACC1004,1058.63,4870.4,13219.86,17,0
ACC1005,ACC1007,2718.33,16311.78,14348.12,19,0
ACC1004,ACC1002,4388.55,17318.12,5224.66,20,0
ACC1009,ACC1009,7074.72,19210.14,817.49,19,0
ACC1004,ACC1002,77.53,13670.83,19958.92,19,0
ACC1006,ACC1008,1861.87,14453.39,2368.2,6,0
ACC1002,ACC1005,2113.81,16626.53,10641.23,22,0
ACC1006,ACC1001,167.59,3119.29,13862.89,11,0
ACC1006,ACC1000,4709.51,12318.02,5365.2,16,0
ACC1002,ACC1005,6460.97,8265.36,292.86,1,0
ACC1010,ACC1000,1054.35,2211.7,16798.31,22,0
ACC1003,ACC1004,1383.99,11855.4,19894.44,6,0
ACC1002,ACC1008,1189.23,14482.75,6915.13,5,0
ACC1002,ACC1009,6905.34,15827.84,19436.23,20,0
ACC1007,ACC1001,1977.93,19312.33,17486.09,4,0
ACC1003,ACC1000,5643.39,6354.99,5561.29,5,0
ACC1008,ACC1010,2993.77,6127.96,4889.48,12,0
ACC1000,ACC1002,6785.54,169.33,4463.16,12,1
ACC1003,ACC1008,8343.8,6785.68,9561.62,8,1
ACC1010,ACC1010,5989.86,13641.6,1373.53,21,0
ACC1001,ACC1000,9472.5,18364.25,11818.62,18,0
ACC1001,ACC1005,8595.62,12050.44,12782.39,15,0
ACC1003,ACC1000,7765.69,4260.28,15746.56,5,1
ACC1005,ACC1007,9486.95,1130.36,19715.68,3,1
ACC1003,ACC1005,8840.35,7537.28,2454.41,23,1
ACC1005,ACC1006,7454.37,3596.64,13928.19,12,1
ACC1007,ACC1008,3013.93,10866.71,4200.06,9,0
ACC1000,ACC1009,5.08,5170.48,2404.66,8,0
ACC1010,ACC1007,8159.14,17694.65,16875.88,5,0
ACC1001,ACC1001,921.68,13746.81,17952.91,1,0
ACC1000,ACC1010,2922.33,18087.26,4620.4,9,0
ACC1001,ACC1009,949.21,8926.52,10237.27,10,0
ACC1003,ACC1010,9835.69,13380.35,16894.21,14,0
ACC1002,ACC1000,106.91,14150.37,11656.96,7,0
ACC1004,ACC1009,1779.78,7893.29,2125.61,7,0
ACC1002,ACC1010,9578.05,2278.75,9477.37,2,1
ACC1006,ACC1007,8714.56,17596.16,4083.07,2,1
ACC1004,ACC1004,2211.74,7170.19,10140.37,8,0
ACC1009,ACC1008,8928.66,14338.88,41.45,9,0
ACC1006,ACC1004,9545.82,2313.08,7506.67,11,1
ACC1004,ACC1007,1196.74,12214.05,9329.48,10,0
ACC1003,ACC1004,3181.0,6438.92,6659.6,9,0
ACC1008,ACC1000,8991.66,11573.44,863.53,3,1
ACC1009,ACC1004,9728.59,1343.44,14232.13,23,1
ACC1006,ACC1002,937.64,18542.37,1055.26,21,0
ACC1009,ACC1010,5613.14,9515.18,12739.99,1,0
ACC1006,ACC1004,9133.09,9326.0,18404.36,7,0
ACC1007,ACC1000,7509.18,11454.22,14680.61,22,0
ACC1002,ACC1005,6582.65,12503.92,7113.13,10,0
ACC1000,ACC1000,2222.54,15730.48,14083.67,0,0
ACC1005,ACC1005,9958.58,3648.64,6549.95,11,1
ACC1006,ACC1010,4251.83,10368.79,16840.68,6,0
ACC1010,ACC1007,1752.06,4121.89,12215.1,17,0
ACC1005,ACC1003,2784.06,6206.32,12900.62,23,0
ACC1006,ACC1002,1648.37,3984.59,14670.17,15,0
ACC1003,ACC1005,8191.24,14501.73,11521.45,7,0
ACC1000,ACC1000,7372.67,1755.33,9835.17,6,1
ACC1003,ACC1004,5450.04,11404.76,12138.63,20,0
ACC1009,ACC1006,568.65,8829.65,15444.15,11,0
ACC1000,ACC1003,4377.34,1327.76,7980.27,8,0
ACC1006,ACC1005,4670.93,4510.2,2684.6,23,0
ACC1009,ACC1005,4260.65,6609.65,10724.61,14,0
ACC1009,ACC1006,4581.26,12803.72,10212.64,4,0
ACC1010,ACC1009,5641.75,13441.97,19278.32,2,1
ACC1001,ACC1006,3036.32,5313.57,13123.34,9,0
ACC1010,ACC1010,3202.73,10892.8,15677.58,21,0
ACC1005,ACC1004,4054.67,8783.03,14499.56,23,0
ACC1005,ACC1009,7179.01,4254.35,13653.07,13,1
ACC1007,ACC1001,8668.93,19481.93,19266.99,11,0
ACC1010,ACC1009,3225.73,8407.36,6633.18,2,1
ACC1006,ACC1002,5.51,10083.19,12463.2,17,0
ACC1005,ACC1010,9187.13,2002.04,10511.14,19,1
ACC1006,ACC1001,3429.23,14490.06,5898.8,20,0
ACC1005,ACC1009,6736.21,18621.85,19519.27,10,0
ACC1005,ACC1002,6753.31,5076.4,5565.55,23,1
ACC1006,ACC1005,4709.08,11218.31,7102.52,6,0
ACC1010,ACC1005,2527.82,19109.11,2153.8,6,0
ACC1002,ACC1004,4131.38,5090.59,4661.29,0,0
ACC1000,ACC1005,9109.47,4602.97,15872.15,20,1
ACC1007,ACC1000,1565.73,14419.13,7408.18,2,0
ACC1002,ACC1008,3308.73,16574.26,5569.15,20,0
ACC1002,ACC1002,2212.37,4646.92,205.65,22,0
ACC1002,ACC1009,3501.41,1488.25,4500.72,12,0
ACC1001,ACC1005,113.75,8554.79,9676.26,4,0
ACC1002,ACC1007,1325.81,1249.92,8329.58,12,0
ACC1007,ACC1005,7178.03,18260.34,14691.64,8,0
ACC1000,ACC1002,8475.14,11571.47,1038.07,13,0
ACC1010,ACC1007,5128.47,7690.74,11798.93,23,0
ACC1007,ACC1003,7483.93,8056.15,9118.89,13,0
ACC1005,ACC1003,1163.76,11997.33,17766.47,17,0
ACC1003,ACC1002,2477.36,16319.98,9911.51,17,0
ACC1009,ACC1007,9792.26,10671.31,16465.83,4,0
ACC1009,ACC1008,8679.76,14135.77,13033.06,21,0
ACC1010,ACC1004,3425.98,18559.26,291.32,21,0
ACC1004,ACC1000,1804.92,12189.03,18522.9,0,0
ACC1009,ACC1008,8743.96,1868.06,12310.46,6,1
ACC1002,ACC1007,9883.1,14137.85,7638.21,23,0
ACC1001,ACC1009,6575.34,17729.63,12258.79,18,0
ACC1000,ACC1006,8768.68,9000.56,19152.13,6,0
ACC1004,ACC1000,1954.92,15956.98,12159.2,14,0
ACC1005,ACC1009,9963.83,3520.08,9909.34,19,1
ACC1002,ACC1005,357.63,19889.35,19703.18,16,0
ACC1002,ACC1009,4870.34,15751.11,8628.36,3,1
ACC1001,ACC1001,2928.21,8894.24,9862.97,9,0
ACC1008,ACC1000,8461.51,18151.53,8678.81,18,0
ACC1008,ACC1006,7180.65,2375.14,3889.22,12,1
ACC1007,ACC1004,2228.7,1092.02,9138.69,0,0
ACC1008,ACC1001,5207.05,1336.75,4076.85,18,1
ACC1009,ACC1006,117.77,4987.19,15729.82,7,0
ACC1004,ACC1005,5389.18,3408.37,15970.27,0,1
ACC1000,ACC1006,9670.75,6456.79,6604.04,9,1
ACC1008,ACC1005,137.29,4132.28,10926.37,4,0
ACC1004,ACC1002,3312.44,18557.8,10414.4,18,0
ACC1008,ACC1008,7255.27,15034.34,5685.05,8,0
ACC1010,ACC1005,6370.23,6128.12,560.88,13,1
ACC1008,ACC1009,8230.14,19258.13,15506.05,0,0
ACC1007,ACC1002,6893.67,18414.04,9019.89,18,0
ACC1008,ACC1001,5554.7,16723.86,19686.63,13,0
ACC1010,ACC1004,8137.13,1703.1,3078.67,3,1
ACC1000,ACC1006,8169.01,18801.06,13010.71,0,0
ACC1003,ACC1004,137.17,12026.05,19302.77,17,0
ACC1005,ACC1009,8613.44,16077.8,16333.35,15,0
ACC1007,ACC1001,7351.85,8300.34,1220.22,18,0
ACC1000,ACC1005,7816.89,3790.43,13673.36,11,1
ACC1006,ACC1003,5594.03,12636.33,15192.53,16,0
ACC1006,ACC1009,6816.65,19077.07,6742.14,9,0
ACC1003,ACC1005,8913.03,19511.18,8441.45,13,0
ACC1010,ACC1006,1654.12,16451.52,7082.41,0,0
ACC1000,ACC1008,5454.77,4813.42,1463.41,2,1
ACC1005,ACC1005,5207.13,4708.58,11132.1,18,1
ACC1005,ACC1007,7820.51,14669.47,13293.0,12,0
ACC1003,ACC1002,1673.37,9540.59,14439.33,13,0
ACC1002,ACC1006,2419.62,14030.69,19696.57,23,0
ACC1005,ACC1000,8008.29,843.47,19278.87,10,1
ACC1004,ACC1005,5197.79,188.46,10408.75,5,1
ACC1010,ACC1007,6563.48,4039.96,5795.14,13,1
ACC1002,ACC1005,758.78,14738.93,12193.92,21,0
ACC1000,ACC1010,7162.22,13557.73,3579.93,16,0
ACC1003,ACC1009,4507.89,2775.38,6568.52,22,0
ACC1006,ACC1010,8890.23,12453.92,12930.94,9,0
ACC1004,ACC1002,4844.61,18151.4,13637.97,5,0
ACC1006,ACC1000,6937.44,3862.91,2443.75,6,1
ACC1000,ACC1010,561.68,10496.08,2523.0,17,0
ACC1002,ACC1005,3777.02,7203.52,15402.26,16,0
ACC1009,ACC1009,9040.92,13698.51,13373.29,17,0
ACC1003,ACC1006,384.2,5123.46,5194.79,13,0
ACC1000,ACC1009,6932.49,1201.43,8037.43,21,1
ACC1003,ACC1001,4226.74,7545.86,3912.64,8,0
ACC1005,ACC1000,9019.2,129.6,12968.77,18,1
ACC1008,ACC1004,2894.04,12192.05,13217.96,6,0
ACC1005,ACC1010,3001.18,9168.83,8149.78,6,0
ACC1004,ACC1000,2772.79,6701.83,2205.03,8,0
ACC1008,ACC1009,7142.45,15568.07,10247.17,8,0
ACC1004,ACC1004,200.27,6580.54,3344.9,15,0
ACC1001,ACC1003,9418.43,3236.74,5221.48,12,1
ACC1002,ACC1003,7782.05,10092.66,3482.23,18,0
ACC1010,ACC1009,2692.1,14811.06,12936.66,19,0
ACC1006,ACC1010,8739.45,2866.83,2989.54,1,1
ACC1007,ACC1005,6456.54,4107.56,3268.39,16,1
ACC1009,ACC1002,7866.72,16246.72,2462.61,17,0
ACC1010,ACC1008,2315.03,19210.79,9919.75,22,0
ACC1003,ACC1000,8131.43,5156.51,6540.07,1,1
ACC1003,ACC1001,6129.52,4059.67,3285.72,21,1
ACC1009,ACC1009,7749.54,10543.36,4720.2,16,0
ACC1003,ACC1004,701.49,13568.55,11782.18,14,0
ACC1007,ACC1002,1453.8,1442.51,4235.45,12,0
ACC1008,ACC1008,9626.11,13074.68,2338.09,21,0
ACC1004,ACC1004,3043.84,12893.53,13581.08,1,0
ACC1006,ACC1004,5899.54,16911.86,1364.02,22,0
ACC1006,ACC1004,9266.18,4749.65,16390.26,3,1
ACC1002,ACC1004,3540.36,19982.44,7450.94,5,0
ACC1002,ACC1008,8364.39,2998.2,6648.99,3,1
ACC1000,ACC1010,215.77,19695.08,7990.06,13,0
ACC1007,ACC1000,5300.18,13807.05,15590.01,7,0
ACC1010,ACC1009,1878.66,12795.02,3023.71,21,0
ACC1008,ACC1006,7759.99,15678.73,13448.62,14,0
ACC1005,ACC1008,466.79,9898.16,1435.16,18,0
ACC1002,ACC1009,1388.76,14569.78,5295.61,5,0
ACC1005,ACC1003,6262.73,15605.85,4041.94,8,0
ACC1003,ACC1001,7129.3,6892.39,15348.08,12,1
ACC1003,ACC1007,6712.7,2223.05,16202.39,22,1
ACC1010,ACC1002,6871.87,6215.67,9752.36,12,1
ACC1003,ACC1003,6833.53,7660.89,15495.01,16,0
ACC1009,ACC1000,9707.4,16965.31,10958.9,3,1
ACC1006,ACC1010,5862.13,5976.49,14815.29,8,0
ACC1006,ACC1006,1657.39,11311.81,3452.14,2,0
ACC1003,ACC1002,7817.58,15371.38,6735.37,2,1
ACC1002,ACC1001,6015.4,13687.65,12655.11,21,0
ACC1006,ACC1002,394.78,13606.97,11954.14,23,0
ACC1003,ACC1001,9706.46,16471.76,11162.67,4,0
ACC1010,ACC1010,7826.86,15842.86,16387.86,23,0
ACC1008,ACC1001,530.83,14035.07,5544.6,21,0
ACC1001,ACC1005,4670.93,4193.37,8903.35,11,0
ACC1001,ACC1005,2249.66,14810.86,16954.15,11,0
ACC1007,ACC1005,8605.78,1962.94,8132.43,3,1
ACC1008,ACC1006,1152.34,3367.09,16232.74,10,0
ACC1005,ACC1009,2847.73,8319.17,274.19,7,0
ACC1009,ACC1002,6517.53,11283.76,11067.94,10,0
ACC1004,ACC1005,5809.04,3422.75,7276.25,18,1
ACC1003,ACC1009,1691.88,11588.35,18522.88,7,0
ACC1005,ACC1009,9723.83,3832.76,7215.35,19,1
ACC1003,ACC1000,1050.55,2425.8,3522.59,13,0
ACC1007,ACC1001,4780.39,19721.06,1683.49,17,0
ACC1004,ACC1007,9144.74,12627.15,17504.15,20,0
ACC1005,ACC1007,8289.9,19675.61,12797.91,19,0
ACC1002,ACC1001,3993.98,4075.83,17469.8,19,0
ACC1004,ACC1005,7331.8,749.05,19524.77,17,1
ACC1002,ACC1003,9797.48,3952.18,1759.45,7,1
ACC1000,ACC1003,2237.3,10945.69,15065.14,15,0
ACC1010,ACC1001,3685.46,10623.53,17467.11,21,0
ACC1010,ACC1009,3227.21,3585.92,7608.72,5,0
ACC1001,ACC1005,970.45,18103.45,12645.92,18,0
ACC1006,ACC1002,5061.19,13972.59,13115.62,22,0
ACC1000,ACC1010,7147.31,7745.68,2179.31,8,0
ACC1003,ACC1006,655.13,14394.27,14780.24,2,0
ACC1000,ACC1010,7582.9,9407.63,15783.56,15,0
ACC1000,ACC1010,7124.13,12730.7,14029.48,0,0
ACC1010,ACC1005,8454.98,17027.29,18568.49,9,0
ACC1007,ACC1000,1724.14,17641.61,13995.11,12,0
ACC1010,ACC1001,4472.03,6049.21,14808.1,20,0
ACC1009,ACC1003,2999.6,7481.27,12060.0,4,0
ACC1003,ACC1009,2681.35,15036.94,12532.74,15,0
ACC1002,ACC1000,3915.15,682.97,12645.25,5,0
ACC1000,ACC1006,7164.96,16223.71,3559.97,17,0
ACC1003,ACC1007,253.73,571.14,14204.26,11,0
ACC1003,ACC1002,4181.2,15133.78,19512.48,8,0
ACC1007,ACC1007,2449.52,19042.47,17479.67,19,0
ACC1003,ACC1003,6252.8,15789.67,14591.09,6,0
ACC1005,ACC1008,793.53,461.18,319.65,21,0
ACC1009,ACC1008,2411.68,11564.94,15433.51,3,0
ACC1007,ACC1010,1534.99,3988.85,810.99,9,0
ACC1004,ACC1004,4750.56,12716.66,3429.85,2,1
ACC1000,ACC1006,3845.87,2511.27,5038.15,16,0
ACC1003,ACC1009,7857.33,686.11,7269.09,7,1
ACC1002,ACC1007,1771.26,5786.24,18298.88,11,0
ACC1009,ACC1004,5300.78,3334.94,5500.59,20,1
ACC1001,ACC1009,5207.65,19378.05,14573.23,8,0
ACC1005,ACC1003,7098.53,11403.81,18745.94,19,0
ACC1001,ACC1010,4663.81,4366.54,8328.77,5,0
ACC1009,ACC1008,4765.02,17661.33,874.79,16,0
ACC1002,ACC1003,5131.68,3437.57,8882.39,9,1
ACC1000,ACC1007,6658.94,13000.83,14267.39,19,0
ACC1002,ACC1004,3377.64,7699.24,11428.37,23,0
ACC1005,ACC1004,4361.06,3770.89,10369.6,2,1
ACC1003,ACC1010,7336.01,8870.66,7779.84,14,0
ACC1002,ACC1009,4487.65,124.48,1803.81,18,0
ACC1004,ACC1010,7980.71,13454.29,882.49,2,1
ACC1004,ACC1006,4639.7,2961.79,13005.81,8,0
ACC1008,ACC1006,5043.83,16050.58,441.09,3,1
ACC1008,ACC1006,4315.48,18867.82,18386.49,15,0
ACC1004,ACC1007,9250.39,9245.87,1459.41,11,1
ACC1000,ACC1006,9370.12,14530.64,19451.79,20,0
ACC1002,ACC1000,2992.6,1185.06,8156.54,5,0
ACC1009,ACC1008,1744.11,19023.35,6214.95,17,0
ACC1008,ACC1000,6499.93,8822.88,14944.19,13,0
ACC1010,ACC1001,1912.02,5521.76,17256.37,0,0
ACC1000,ACC1009,6709.16,11174.15,9347.69,1,0
ACC1002,ACC1003,2493.07,14457.69,17165.56,23,0
ACC1000,ACC1000,9685.65,10374.18,16567.61,3,1
ACC1004,ACC1005,3266.23,9868.84,5606.35,21,0
ACC1010,ACC1003,7566.95,5956.87,1604.8,20,1
ACC1010,ACC1009,5380.38,17124.75,4098.8,23,0
ACC1010,ACC1002,7838.65,11690.37,7254.44,7,0
ACC1001,ACC1010,2734.94,18196.55,6594.58,1,0
ACC1009,ACC1007,5922.6,8267.75,7628.73,6,0
ACC1005,ACC1008,1541.4,2660.22,6601.83,5,0
ACC1007,ACC1003,2589.99,9399.82,13485.05,6,0
ACC1004,ACC1009,6110.71,1880.96,4026.2,23,1
ACC1009,ACC1007,4759.72,6075.89,9092.19,15,0
ACC1004,ACC1000,1178.98,13259.67,1320.87,13,0
ACC1005,ACC1006,6159.64,15916.27,6895.61,10,0
ACC1005,ACC1008,5932.37,325.69,15648.8,6,1
ACC1009,ACC1008,7110.08,9933.11,9142.46,18,0
ACC1000,ACC1002,3503.46,10099.59,12711.67,4,0
ACC1005,ACC1009,4129.35,692.8,2538.25,1,0
ACC1002,ACC1001,2534.3,18909.71,14249.52,14,0
ACC1003,ACC1004,6793.4,15858.95,19973.36,1,0
ACC1006,ACC1003,3791.22,13854.34,14155.2,2,1
ACC1007,ACC1004,1605.55,11810.04,17828.67,4,0
ACC1009,ACC1009,7973.96,5968.76,15406.32,23,1
ACC1007,ACC1009,5495.42,11424.92,12765.69,10,0
ACC1003,ACC1004,8812.0,9118.54,6496.36,2,1
ACC1000,ACC1009,6507.12,15543.73,7677.68,2,1
ACC1006,ACC1004,1089.97,486.26,11569.04,1,0
ACC1003,ACC1006,8255.27,6447.68,2158.6,21,1
ACC1007,ACC1005,4638.22,12709.16,15523.53,2,1
ACC1005,ACC1002,341.18,11958.75,2522.18,11,0
ACC1001,ACC1008,1672.72,16530.39,17967.99,10,0
ACC1000,ACC1009,9285.22,7524.45,1905.14,11,1
ACC1006,ACC1005,3601.58,1617.66,5965.98,0,0
ACC1003,ACC1002,923.18,13835.2,663.69,13,0
ACC1003,ACC1008,3380.5,17246.01,8359.68,17,0
ACC1005,ACC1004,9946.42,13384.89,8067.78,22,0
ACC1003,ACC1000,8525.36,2803.84,12502.33,17,1
ACC1008,ACC1005,6757.01,3426.82,11532.21,7,1
ACC1002,ACC1008,3613.6,16502.68,5031.68,22,0
ACC1005,ACC1003,3117.79,17396.39,16063.97,0,0
ACC1005,ACC1001,3659.2,6173.06,3291.04,15,0
ACC1001,ACC1000,2391.6,4765.94,6745.48,8,0
ACC1006,ACC1006,8412.4,3168.55,17142.49,12,1
ACC1007,ACC1003,9120.83,2816.69,3041.23,19,1
ACC1001,ACC1010,2749.23,16962.53,9517.65,12,0
ACC1000,ACC1001,143.63,6788.5,13894.25,16,0
ACC1005,ACC1010,4123.65,3823.07,12229.67,22,0
ACC1004,ACC1006,2981.17,18084.46,18238.38,4,0
ACC1001,ACC1007,8532.25,16138.16,9814.26,22,0
ACC1003,ACC1003,6413.69,18131.18,13284.74,6,0
ACC1002,ACC1009,4877.68,15509.34,8672.83,17,0
ACC1005,ACC1008,9373.44,18582.17,3443.82,15,0
ACC1003,ACC1009,6371.79,19979.48,9103.28,2,1
ACC1007,ACC1004,7101.74,18560.53,19676.67,8,0
ACC1000,ACC1002,8658.92,8607.21,1893.74,18,1
ACC1010,ACC1009,9122.93,8422.77,9971.32,12,1
ACC1001,ACC1005,9847.86,16580.5,5811.0,10,0
ACC1002,ACC1001,715.04,18679.87,8973.25,14,0
ACC1007,ACC1005,9667.23,19612.35,10707.75,10,0
ACC1006,ACC1000,3924.67,18269.94,678.28,18,0
ACC1000,ACC1010,7168.54,2104.62,4615.5,17,1
ACC1003,ACC1003,9445.63,16713.95,18276.6,4,0
ACC1005,ACC1006,3796.07,6736.93,12920.03,19,0
ACC1009,ACC1007,3401.84,5094.58,9062.95,12,0
ACC1006,ACC1001,1916.6,4918.3,4551.58,11,0
ACC1006,ACC1008,1975.86,19030.52,16008.44,14,0
ACC1007,ACC1007,8670.86,5566.09,3282.25,11,1
ACC1005,ACC1006,7296.27,3975.46,13680.0,2,1
ACC1006,ACC1008,2542.74,14735.69,18971.84,0,0
ACC1009,ACC1004,6720.91,3465.44,14148.48,1,1
ACC1003,ACC1008,743.18,3532.98,3535.81,1,0
ACC1009,ACC1010,6216.58,6291.34,8328.28,0,0
ACC1003,ACC1008,5141.78,13333.31,4647.71,21,0
ACC1008,ACC1006,2771.36,14361.11,4624.42,11,0
ACC1006,ACC1006,9616.25,7786.97,10435.49,3,1
ACC1009,ACC1000,572.77,18642.6,17245.19,11,0
ACC1004,ACC1006,3096.39,3378.91,397.93,16,0
ACC1010,ACC1010,5671.57,19996.88,4342.74,17,0
ACC1001,ACC1010,4232.08,10746.77,10627.07,1,0
ACC1005,ACC1001,9355.16,17020.1,13937.2,17,0
ACC1008,ACC1009,6291.17,5141.89,13560.69,0,1
ACC1004,ACC1004,7554.77,4929.78,2087.81,13,1
ACC1003,ACC1000,7845.42,12448.36,18635.08,15,0
ACC1003,ACC1002,7253.6,6114.2,14537.73,20,1
ACC1003,ACC1010,1480.32,4671.73,2858.8,18,0
ACC1004,ACC1007,1547.2,10442.22,4884.56,0,0
ACC1002,ACC1001,9242.19,8060.53,16669.84,8,1
ACC1005,ACC1007,8778.62,2935.11,19568.55,10,1
ACC1010,ACC1003,2510.32,7607.72,52.55,11,0
ACC1005,ACC1006,3729.08,8892.47,15463.49,19,0
ACC1008,ACC1004,8119.3,4944.7,5176.63,0,1
ACC1004,ACC1008,7816.1,2009.56,11186.58,17,1
ACC1005,ACC1006,262.32,3938.35,7211.51,18,0
ACC1003,ACC1002,5747.48,7682.2,4777.25,18,0
ACC1003,ACC1001,6204.15,12847.27,6490.3,21,0
ACC1009,ACC1006,6644.63,8116.15,6260.73,20,0
ACC1002,ACC1002,5280.94,17086.67,14514.23,5,0
ACC1009,ACC1006,4086.79,9024.3,14080.69,20,0
ACC1002,ACC1000,6018.62,14418.0,18951.32,3,1
ACC1004,ACC1003,1535.29,19607.56,5014.39,6,0
ACC1007,ACC1000,58.9,11983.12,17399.87,13,0
ACC1000,ACC1003,1589.91,12530.5,16479.92,2,0
ACC1005,ACC1007,9886.44,8245.92,17432.31,17,1
ACC1003,ACC1008,1365.87,18624.86,14917.15,7,0
ACC1010,ACC1001,8617.93,13983.0,17207.51,12,0
ACC1000,ACC1006,8384.7,16838.11,7290.33,0,0
ACC1008,ACC1002,796.28,5760.14,19195.55,21,0
ACC1007,ACC1006,4584.04,9715.94,19210.41,4,0
ACC1002,ACC1005,7008.44,9263.49,17615.04,11,0
ACC1006,ACC1005,9523.83,3865.02,15955.31,18,1
ACC1000,ACC1003,6206.24,15407.72,7522.09,11,0
ACC1004,ACC1006,7257.88,13469.77,9975.82,7,0
ACC1002,ACC1000,4015.1,3053.14,6319.68,11,0
ACC1000,ACC1004,8645.23,19221.64,3217.78,23,0
ACC1000,ACC1008,8325.59,15918.82,8042.65,11,0
ACC1004,ACC1003,5488.71,541.53,9443.96,5,1
ACC1005,ACC1002,9823.7,15749.5,15222.67,19,0
ACC1006,ACC1002,1649.87,294.1,2166.15,10,0
ACC1004,ACC1007,6664.65,9888.13,6185.29,12,0
ACC1004,ACC1006,3624.57,7227.95,19892.3,0,0
ACC1005,ACC1008,4398.93,4094.46,2643.93,20,0
ACC1000,ACC1003,5110.48,15930.17,2022.78,22,0
ACC1008,ACC1010,1189.5,16410.68,7053.39,21,0
ACC1006,ACC1002,8105.46,18332.84,18359.78,15,0
ACC1003,ACC1009,195.4,16237.03,2152.81,18,0
ACC1006,ACC1003,556.94,6155.17,5076.08,16,0
ACC1002,ACC1010,5708.14,14478.36,16787.24,2,1
ACC1004,ACC1004,381.64,5363.08,14745.94,19,0
ACC1009,ACC1003,3892.96,5311.62,19477.28,5,0
ACC1002,ACC1000,6293.23,16612.22,18347.19,15,0
ACC1010,ACC1007,2734.3,14866.15,12661.83,3,0
ACC1005,ACC1010,3715.79,5502.93,17082.2,17,0
ACC1005,ACC1009,9676.61,14262.48,9282.1,20,0
ACC1007,ACC1005,6061.26,17575.94,7868.18,12,0
ACC1008,ACC1008,3955.27,1546.48,6206.02,22,0
ACC1005,ACC1006,8112.72,10784.45,6662.79,21,0
ACC1010,ACC1004,4010.6,2013.07,14350.15,11,0
ACC1002,ACC1003,1386.41,10687.26,8333.69,21,0
ACC1002,ACC1006,6058.85,19772.9,5283.82,12,0
ACC1000,ACC1004,2173.98,14370.66,3680.62,6,0
ACC1008,ACC1002,8684.91,5950.38,6578.61,19,1
ACC1003,ACC1004,4045.09,857.96,73.83,13,0
ACC1000,ACC1005,1473.24,17333.3,2178.44,9,0
ACC1002,ACC1000,4320.68,17746.25,19953.43,8,0
ACC1002,ACC1006,4396.17,11500.44,1883.19,7,0
ACC1001,ACC1006,9948.08,14556.79,15183.04,23,0
ACC1009,ACC1010,5695.28,4683.59,6429.94,22,1
ACC1003,ACC1010,5825.13,13221.77,10428.87,8,0
ACC1007,ACC1004,5175.64,14410.57,7096.0,14,0
ACC1004,ACC1010,1363.07,9758.42,12459.71,1,0
ACC1008,ACC1005,6063.52,5015.36,7729.18,17,1
ACC1010,ACC1007,9081.9,15306.1,19576.25,14,0
ACC1010,ACC1004,7435.03,11714.11,6646.76,16,0
ACC1009,ACC1009,7897.73,6763.48,10803.08,20,1
ACC1002,ACC1005,8402.15,8644.15,12782.78,7,0
ACC1002,ACC1010,137.67,6630.21,13579.83,2,0
ACC1009,ACC1003,7833.22,19928.39,6173.97,23,0
ACC1005,ACC1010,9893.4,14831.56,16997.3,6,0
ACC1007,ACC1005,312.55,1025.61,4813.48,5,0
ACC1007,ACC1005,3496.64,16930.2,4161.36,10,0
ACC1006,ACC1010,4633.66,19245.68,12872.86,2,1
ACC1002,ACC1008,6240.19,12848.52,12482.75,7,0
ACC1005,ACC1007,346.91,7895.57,11594.66,15,0
ACC1005,ACC1008,8280.2,17085.38,17654.03,21,0
ACC1009,ACC1006,9646.09,17782.73,3295.63,13,0
ACC1000,ACC1009,8649.66,19364.81,19339.91,6,0
ACC1010,ACC1000,9119.95,10056.87,9239.8,18,0
ACC1006,ACC1003,2744.65,8355.46,16989.51,3,0
ACC1001,ACC1009,2405.02,15062.96,1769.79,2,0
ACC1007,ACC1004,9120.61,16392.18,3044.18,20,0
ACC1008,ACC1002,12.48,6108.57,10585.98,0,0
ACC1000,ACC1002,9604.98,10204.56,18262.66,23,0
ACC1010,ACC1003,7692.19,2665.58,12030.77,6,1
ACC1005,ACC1002,1269.89,14412.54,3790.43,15,0
ACC1003,ACC1009,9922.83,13524.77,15560.36,10,0
ACC1010,ACC1002,6679.72,10479.33,226.74,7,0
ACC1008,ACC1004,1648.23,14738.47,12599.25,6,0
ACC1001,ACC1007,52.86,12225.05,18573.69,22,0
ACC1010,ACC1003,5490.26,7216.68,5259.97,1,0
ACC1000,ACC1003,6332.01,17001.41,14123.17,12,0
ACC1002,ACC1003,8255.23,3931.12,6891.01,14,1
ACC1005,ACC1008,4858.92,17426.62,2457.54,14,0
ACC1006,ACC1004,8070.36,14565.62,6621.61,13,0
ACC1010,ACC1008,6562.67,17752.34,17594.49,0,0
ACC1005,ACC1008,4209.5,6517.92,16488.95,15,0
ACC1006,ACC1003,3352.86,2177.12,16821.97,6,0
ACC1009,ACC1003,1995.7,15719.01,736.43,8,0
ACC1002,ACC1003,1131.22,17899.0,16211.06,10,0
ACC1000,ACC1008,6174.67,16890.42,16576.52,2,1
ACC1003,ACC1007,5333.6,3713.04,1004.13,23,1
ACC1010,ACC1008,2725.78,9249.41,17865.2,14,0
ACC1006,ACC1007,2599.16,433.23,17932.73,6,0
ACC1001,ACC1010,2986.12,14043.53,1219.82,17,0
ACC1001,ACC1002,4850.17,7001.28,14043.66,8,0
ACC1003,ACC1009,2398.44,12806.21,3904.09,4,0
ACC1010,ACC1002,5688.09,15589.03,2911.97,13,0
ACC1004,ACC1005,9795.53,15704.64,4659.13,21,0
ACC1002,ACC1004,9785.13,16630.69,19404.78,12,0
ACC1001,ACC1008,3770.82,1116.82,15046.01,7,0
ACC1003,ACC1009,1763.03,10413.11,4675.22,8,0
ACC1001,ACC1008,1262.25,5704.33,17928.02,2,0
ACC1004,ACC1009,1002.52,18965.83,19733.13,22,0
ACC1000,ACC1010,2797.36,10356.96,5259.33,1,0
ACC1001,ACC1007,7211.33,17057.38,636.92,0,0
ACC1004,ACC1003,1701.99,19879.92,18123.25,19,0
ACC1010,ACC1001,8683.99,13217.43,16962.52,21,0
ACC1001,ACC1002,2900.36,125.63,17557.65,15,0
ACC1004,ACC1009,1660.54,16970.84,12079.25,4,0
ACC1005,ACC1001,3373.45,122.22,18565.7,13,0
ACC1008,ACC1006,6348.03,3866.21,7475.21,20,1
ACC1002,ACC1009,479.99,4441.14,12824.03,23,0
ACC1004,ACC1010,4235.47,4569.1,19355.93,2,1
ACC1000,ACC1006,4009.75,3238.81,11432.9,4,0
ACC1006,ACC1001,6976.4,627.26,2080.89,11,1
ACC1005,ACC1006,6367.9,12562.83,9927.34,9,0
ACC1001,ACC1001,8664.95,8017.68,2066.91,8,1
ACC1010,ACC1006,438.56,6184.56,6000.83,1,0
ACC1004,ACC1007,3038.83,6359.23,14123.12,22,0
ACC1000,ACC1001,9938.79,12059.57,3739.65,14,0
ACC1008,ACC1004,5011.66,6056.38,3756.8,17,0
ACC1010,ACC1003,9425.32,16691.68,6857.53,16,0
ACC1000,ACC1009,8478.34,883.38,8809.4,15,1
ACC1000,ACC1006,7892.42,13321.76,8651.0,6,0
ACC1000,ACC1001,2284.6,14340.59,4019.21,9,0
ACC1005,ACC1007,9889.43,10220.98,555.02,3,1
ACC1004,ACC1000,8053.97,289.8,18353.35,3,1
ACC1000,ACC1008,5858.04,13282.02,16154.43,5,0
ACC1002,ACC1003,9393.28,19957.73,11047.29,11,0
ACC1000,ACC1010,1294.13,17348.33,5038.18,19,0
ACC1000,ACC1008,8795.03,5679.46,18874.47,4,1
ACC1005,ACC1004,1900.11,6279.3,13235.79,13,0
ACC1004,ACC1007,5496.58,18302.73,12136.68,10,0
ACC1005,ACC1007,4308.67,17690.99,12829.88,11,0
ACC1010,ACC1008,116.17,1503.35,13369.52,15,0
ACC1000,ACC1009,1146.88,6780.6,15572.86,23,0
ACC1002,ACC1006,8302.65,18205.43,14547.23,5,0
ACC1004,ACC1008,2894.89,9641.53,11863.82,6,0
ACC1000,ACC1000,4243.16,6745.52,13501.38,0,0
ACC1008,ACC1006,803.13,11254.74,3192.66,1,0
ACC1008,ACC1010,2589.08,14287.41,12300.31,3,0
ACC1009,ACC1007,4825.61,18124.94,17086.45,15,0
ACC1001,ACC1002,8680.74,7138.7,18140.9,6,1
ACC1003,ACC1010,9994.26,13256.98,19101.79,23,0
ACC1008,ACC1006,7696.18,9204.52,8508.14,3,1
ACC1000,ACC1007,8656.31,10753.79,3013.05,16,0
ACC1003,ACC1005,9224.35,1445.66,11034.21,0,1
ACC1001,ACC1010,9644.29,16915.13,7180.15,23,0
ACC1007,ACC1009,6039.5,17833.46,2314.0,15,0
ACC1004,ACC1003,3001.49,17362.86,12860.86,18,0
ACC1008,ACC1001,1140.81,7487.67,12017.66,0,0
ACC1006,ACC1001,8241.98,12143.66,5309.48,9,0
ACC1004,ACC1000,3627.96,6293.64,14913.22,20,0
ACC1005,ACC1003,9532.97,5791.57,5595.23,20,1
ACC1009,ACC1005,2730.19,4918.39,6610.33,1,0
ACC1001,ACC1005,6938.15,3007.49,2083.37,6,1
ACC1008,ACC1000,3854.05,2698.53,7783.58,5,0
ACC1009,ACC1002,2327.28,10915.2,19466.49,9,0
ACC1000,ACC1008,6089.99,9053.11,12898.08,18,0
ACC1004,ACC1004,7450.56,2528.03,13053.67,18,1
ACC1004,ACC1010,850.06,13844.25,13478.87,20,0
ACC1000,ACC1004,3228.88,11936.83,2718.55,2,1
ACC1006,ACC1006,7813.13,9892.5,3592.88,13,0
ACC1010,ACC1003,7550.25,15247.72,13366.26,9,0
ACC1009,ACC1000,4380.49,11852.4,15696.81,0,0
ACC1004,ACC1003,8232.48,5490.12,10046.97,11,1
ACC1006,ACC1009,5332.91,19348.57,14435.72,19,0
ACC1008,ACC1001,8966.92,18134.09,1992.04,16,0
ACC1010,ACC1008,6899.66,217.59,16455.78,19,1
ACC1006,ACC1008,5708.58,13604.93,6481.27,21,0
ACC1004,ACC1000,9257.68,6995.38,11111.37,17,1
ACC1004,ACC1007,3440.14,16288.46,15663.75,20,0
ACC1004,ACC1008,9694.72,8416.8,15733.21,13,1
ACC1002,ACC1005,5338.78,16213.34,4535.36,16,0
ACC1004,ACC1007,2983.38,535.16,997.88,10,0
ACC1006,ACC1000,3062.83,3351.07,18392.91,11,0
ACC1004,ACC1004,217.18,5811.16,11957.91,9,0
ACC1001,ACC1006,2771.1,7879.74,18081.76,4,0
ACC1008,ACC1002,6980.65,18600.05,16617.51,19,0
ACC1001,ACC1007,2124.44,10184.02,5176.33,4,0
ACC1002,ACC1006,482.18,2529.54,16424.53,17,0
ACC1006,ACC1004,8629.7,15543.24,14060.87,5,0
ACC1002,ACC1008,4692.74,11379.87,10850.03,11,0
ACC1002,ACC1004,2352.61,1607.9,4883.28,5,0
ACC1005,ACC1001,4446.94,5183.93,8717.15,4,0
ACC1001,ACC1008,2208.75,5393.13,19272.93,13,0
ACC1004,ACC1005,5465.37,4268.71,18023.15,15,1
ACC1006,ACC1004,8993.12,13339.37,19734.49,20,0
ACC1010,ACC1009,4198.29,19992.86,2945.39,23,0
ACC1008,ACC1004,1652.47,13269.91,10593.29,21,0
ACC1004,ACC1002,5668.79,3351.91,16047.04,17,1
ACC1009,ACC1001,8263.11,10960.95,15854.29,13,0
ACC1009,ACC1007,4453.26,15165.44,8312.49,12,0
ACC1005,ACC1000,3974.99,18027.7,16236.17,21,0
ACC1002,ACC1008,1092.85,6532.37,3024.74,23,0
ACC1005,ACC1000,8240.78,5181.8,13398.29,21,1
ACC1003,ACC1006,2536.92,1984.55,13626.3,8,0
ACC1005,ACC1001,3048.25,12227.36,9854.85,6,0
ACC1005,ACC1007,6562.75,6702.88,10738.14,5,0
ACC1009,ACC1006,5585.89,12990.78,19444.76,19,0
ACC1007,ACC1006,8396.16,17124.11,12031.0,6,0
ACC1010,ACC1007,397.02,4390.9,13617.32,9,0
ACC1003,ACC1001,6213.08,5150.95,1743.01,21,1
ACC1009,ACC1000,1681.26,9554.49,18921.17,2,0
ACC1002,ACC1009,676.74,16116.26,9000.03,5,0
ACC1008,ACC1002,840.77,17180.91,9153.44,9,0
ACC1006,ACC1002,2846.8,10285.6,14397.33,18,0
ACC1001,ACC1001,5615.76,6495.99,14379.65,8,0
ACC1009,ACC1004,1059.76,1346.82,18101.3,10,0
ACC1000,ACC1004,1720.95,11439.77,1240.69,15,0
ACC1000,ACC1005,485.7,12521.28,19606.78,21,0
ACC1004,ACC1007,1810.97,16763.55,2192.44,10,0
ACC1003,ACC1003,9927.96,19804.25,16919.2,22,0
ACC1005,ACC1005,4247.69,16703.4,1281.96,7,0
ACC1004,ACC1007,6522.09,16801.31,16496.05,6,0
ACC1004,ACC1001,7741.43,2102.74,614.19,20,1
ACC1004,ACC1007,391.48,5989.42,16657.88,17,0
ACC1000,ACC1001,2163.47,17349.13,879.9,18,0
ACC1001,ACC1000,3252.28,17135.13,15197.46,10,0
ACC1010,ACC1007,490.2,12876.72,11856.23,10,0
ACC1010,ACC1005,7243.17,9515.95,19786.71,17,0
ACC1006,ACC1007,7230.69,8422.99,2535.95,6,0
ACC1002,ACC1005,4512.75,3404.79,14305.09,16,0
ACC1001,ACC1005,5842.59,4108.29,605.4,22,1
ACC1003,ACC1001,4016.66,4166.61,7474.52,10,0
ACC1010,ACC1002,2698.24,17174.54,192.17,16,0
ACC1001,ACC1003,2570.05,18388.82,17216.72,15,0
ACC1002,ACC1008,5141.13,18622.3,1500.95,17,0
ACC1010,ACC1010,5241.22,8324.88,14431.68,7,0
ACC1003,ACC1000,4058.65,2188.64,4210.09,4,0
ACC1005,ACC1003,9437.27,4532.7,7071.33,20,1
ACC1001,ACC1002,6792.18,6669.27,7193.03,21,1
ACC1010,ACC1006,5263.54,15549.82,9582.07,22,0
ACC1010,ACC1009,8252.66,14679.5,4569.84,1,0
ACC1010,ACC1004,813.65,13174.16,7382.98,5,0
ACC1010,ACC1005,997.39,19079.52,905.49,2,0
ACC1008,ACC1006,7826.19,9886.09,19489.65,15,0
ACC1002,ACC1003,3510.83,17536.15,6933.05,14,0
ACC1003,ACC1003,8868.97,18480.6,15602.43,12,0
ACC1004,ACC1009,5521.72,10469.65,5760.35,8,0
ACC1008,ACC1003,9599.73,15002.01,8240.4,16,0
ACC1004,ACC1003,6823.84,19760.28,16147.89,7,0
ACC1008,ACC1004,8710.27,11304.72,16349.75,21,0
ACC1005,ACC1005,3637.02,6659.84,16609.15,8,0
ACC1001,ACC1010,6519.53,7108.04,13853.97,15,0
ACC1006,ACC1004,3634.52,6166.31,1217.16,19,0
ACC1000,ACC1005,9515.03,1615.47,12406.35,21,1
ACC1001,ACC1007,8430.33,16113.61,4511.17,0,0
ACC1009,ACC1004,825.32,10795.17,18746.84,15,0
ACC1007,ACC1006,3752.33,14274.1,5367.63,8,0
ACC1009,ACC1004,4415.39,12884.78,13570.19,17,0
ACC1010,ACC1003,5649.49,660.39,2791.86,23,1
ACC1001,ACC1007,808.36,16410.65,19101.63,3,0
ACC1009,ACC1001,333.1,6692.59,6629.3,18,0
ACC1001,ACC1003,2823.38,18578.09,16972.97,18,0
ACC1006,ACC1005,5472.66,5231.08,4382.76,22,1
ACC1000,ACC1002,6335.84,761.73,5191.0,1,1
ACC1001,ACC1008,7530.47,14483.73,15922.08,3,1
ACC1004,ACC1007,8665.21,245.94,11222.02,13,1
ACC1003,ACC1001,8601.78,14626.16,15437.65,15,0
ACC1007,ACC1005,8146.85,15863.31,9211.97,23,0
ACC1000,ACC1008,2009.33,1067.7,15940.12,4,0
ACC1003,ACC1003,1477.83,16273.58,5182.75,11,0
ACC1006,ACC1002,6880.63,5278.61,6495.22,8,1
ACC1009,ACC1006,7277.81,425.78,7220.99,11,1
ACC1007,ACC1001,7832.63,19703.07,14621.33,5,0
ACC1005,ACC1008,9776.95,9546.92,1528.45,15,1
ACC1006,ACC1002,7233.11,11017.7,10408.61,15,0
ACC1007,ACC1002,3853.25,3598.07,15541.66,3,1
ACC1008,ACC1005,6754.67,7523.66,19954.54,19,0
ACC1007,ACC1006,8409.57,17773.52,15034.44,13,0
ACC1009,ACC1000,2769.66,7933.75,17695.66,6,0
ACC1003,ACC1004,7496.41,17497.11,4377.99,4,0
ACC1002,ACC1001,8911.87,5471.57,6791.17,18,1
ACC1001,ACC1002,1292.99,51.25,8205.11,0,0
ACC1005,ACC1000,2028.29,6996.9,11908.6,14,0
ACC1004,ACC1005,2126.46,16877.79,13805.88,22,0
ACC1004,ACC1008,2691.56,2250.77,6766.06,15,0
ACC1010,ACC1006,3380.96,12309.63,6164.62,0,0
ACC1005,ACC1005,3306.43,18616.06,14103.16,8,0
ACC1005,ACC1009,8562.4,6223.54,3932.21,12,1
ACC1008,ACC1004,2883.34,19462.72,1573.03,13,0
ACC1006,ACC1009,8539.83,7191.54,18635.47,6,1
ACC1002,ACC1010,1664.87,10591.59,2092.69,10,0
ACC1001,ACC1010,6785.32,337.25,18298.68,3,1
ACC1000,ACC1005,1887.89,7841.49,6425.09,5,0
ACC1009,ACC1004,6899.46,2154.77,7559.58,17,1
ACC1003,ACC1005,152.21,12669.27,13490.52,3,0
ACC1002,ACC1003,4730.0,16448.32,14027.27,14,0
ACC1009,ACC1000,8896.06,2826.09,19525.56,2,1
ACC1003,ACC1001,6460.56,6920.92,15213.19,4,0
ACC1004,ACC1005,4398.42,1851.77,1356.57,22,0
ACC1000,ACC1001,8070.22,16294.95,15431.59,20,0
ACC1005,ACC1002,7732.53,16886.36,3153.17,11,0
ACC1008,ACC1004,2973.57,11153.24,5439.96,17,0
ACC1004,ACC1006,3065.55,16937.82,11410.33,4,0
ACC1004,ACC1008,7122.28,4116.17,2892.55,14,1
ACC1000,ACC1002,1631.67,252.46,1936.36,16,0
ACC1009,ACC1004,9621.0,9783.62,1404.17,19,0
ACC1001,ACC1005,1345.56,11432.15,15540.5,16,0
ACC1000,ACC1001,3606.79,13827.19,221.6,13,0
ACC1005,ACC1000,3357.86,19749.3,13495.47,6,0
ACC1005,ACC1009,2894.88,10903.9,11444.28,22,0
ACC1007,ACC1000,9836.04,11411.9,15720.74,19,0
ACC1000,ACC1006,1676.36,10021.85,12253.05,11,0
ACC1004,ACC1005,3503.7,8420.37,6541.06,12,0
ACC1007,ACC1006,9074.05,1761.24,8033.39,20,1
ACC1004,ACC1010,46.86,12778.27,12565.38,13,0
ACC1001,ACC1009,1301.98,13908.52,18268.43,0,0
ACC1006,ACC1008,9057.85,9736.31,6900.3,14,0
ACC1009,ACC1008,1369.28,3038.9,10773.86,12,0
ACC1001,ACC1000,3096.35,17225.87,10744.97,16,0
ACC1001,ACC1009,3662.58,951.12,271.18,7,0
ACC1004,ACC1007,8614.19,6808.64,2884.32,1,1
ACC1001,ACC1007,3711.36,13487.96,6204.03,17,0
ACC1000,ACC1004,9585.1,7181.86,6215.76,14,1
ACC1003,ACC1000,4891.5,3470.43,7813.48,13,0
ACC1007,ACC1001,1380.02,10254.49,8159.17,17,0
ACC1009,ACC1002,6839.1,6997.6,6435.3,11,0
ACC1002,ACC1010,9412.39,4962.71,4294.41,12,1
ACC1009,ACC1002,1797.77,9825.69,14735.14,2,0
ACC1003,ACC1002,7294.89,8947.98,10761.06,5,0
ACC1008,ACC1007,6139.43,2479.9,5012.13,12,1
ACC1003,ACC1003,2862.99,9458.64,4740.29,9,0
ACC1000,ACC1010,3129.47,17952.88,5284.13,9,0
ACC1003,ACC1010,9214.22,5819.82,15715.33,15,1
ACC1006,ACC1000,9135.56,8908.83,611.58,21,1
ACC1007,ACC1000,8368.29,11381.67,687.37,23,0
ACC1009,ACC1002,364.73,16036.46,3606.15,23,0
ACC1002,ACC1003,1823.03,11400.65,4318.93,22,0
ACC1009,ACC1008,264.56,6187.16,10081.39,20,0
ACC1007,ACC1000,3585.6,1035.11,17203.97,18,0
ACC1008,ACC1008,122.8,13255.62,15362.09,15,0
ACC1000,ACC1005,9307.68,14006.44,6270.36,10,0
ACC1007,ACC1006,6515.15,10790.84,19428.11,10,0
ACC1002,ACC1009,9226.7,4899.84,3582.57,10,1
ACC1003,ACC1003,4658.73,15763.42,13656.38,22,0
ACC1001,ACC1004,7655.9,16191.27,18767.33,7,0
ACC1006,ACC1005,8929.08,6488.02,4198.59,10,1
ACC1007,ACC1006,5512.58,3729.77,3495.66,15,1
ACC1007,ACC1009,3585.48,18508.94,1977.38,5,0
ACC1003,ACC1010,5889.55,594.07,14294.5,14,1
ACC1002,ACC1000,899.23,13635.84,19530.12,20,0
ACC1002,ACC1005,9113.87,19000.01,8582.26,10,0
ACC1010,ACC1007,9887.37,8366.03,7183.05,5,1
ACC1004,ACC1008,2416.8,3206.15,11278.74,18,0
ACC1008,ACC1010,3897.84,1488.26,6508.59,21,0
ACC1010,ACC1009,4171.72,19909.02,19367.93,5,0
ACC1008,ACC1000,9760.25,3610.16,18045.75,0,1
ACC1007,ACC1009,7146.09,16208.95,18144.25,9,0
ACC1005,ACC1009,9895.62,2396.93,6526.53,2,1
ACC1003,ACC1003,6648.3,10003.81,1654.89,8,0
ACC1000,ACC1008,5811.12,10571.38,6898.07,21,0
ACC1000,ACC1001,7106.53,7645.12,8044.88,22,0
ACC1007,ACC1002,9820.71,1522.43,6513.37,12,1
ACC1004,ACC1002,3840.76,19844.52,10856.57,1,0
ACC1001,ACC1006,7227.71,10297.6,8324.5,15,0
ACC1001,ACC1003,983.48,2709.51,7865.19,23,0
ACC1001,ACC1001,9078.62,1709.77,19662.2,18,1
ACC1006,ACC1005,8242.23,7063.17,12359.5,3,1
ACC1001,ACC1002,5299.13,18668.74,223.76,17,0
ACC1001,ACC1009,1476.74,17306.81,9651.74,18,0
ACC1007,ACC1001,72.7,3211.7,2105.28,18,0
ACC1000,ACC1007,337.37,18962.56,7228.72,9,0
ACC1009,ACC1000,5919.38,18106.81,10405.05,1,0
ACC1010,ACC1003,9935.41,6825.14,13880.49,14,1
ACC1000,ACC1001,7164.24,13195.51,10455.87,5,0
ACC1000,ACC1010,3308.13,12566.06,369.3,23,0
ACC1009,ACC1005,5953.01,19336.31,3539.2,14,0
ACC1003,ACC1009,4674.69,4088.52,6068.45,6,0
ACC1001,ACC1006,408.4,2449.33,3150.5,5,0
ACC1008,ACC1006,6325.65,7534.17,3367.83,18,0
ACC1006,ACC1007,3562.39,9345.5,6138.34,22,0
ACC1004,ACC1004,9815.84,1926.5,5923.09,5,1
ACC1003,ACC1002,3901.79,2326.4,5691.4,13,0
ACC1004,ACC1006,4085.44,16614.24,6623.16,4,0
ACC1005,ACC1002,84.7,7496.7,8879.02,19,0
ACC1007,ACC1009,3640.63,11520.34,844.67,13,0
ACC1008,ACC1000,6941.86,8184.35,8682.91,11,0
ACC1006,ACC1004,6819.86,11256.64,8807.57,8,0
ACC1004,ACC1000,4555.86,11273.0,8415.07,7,0
ACC1009,ACC1005,8841.42,4486.68,7630.13,13,1
ACC1002,ACC1002,7596.03,4107.83,8614.23,17,1
ACC1006,ACC1000,7880.65,8338.02,3161.09,10,0
ACC1002,ACC1001,1087.84,3764.83,2323.1,13,0
ACC1003,ACC1009,9229.16,13750.23,793.16,2,1
ACC1003,ACC1009,7459.42,2962.06,7977.46,2,1
ACC1007,ACC1000,1716.34,8519.2,11897.4,12,0
ACC1000,ACC1008,8667.86,15140.3,10869.21,23,0
ACC1004,ACC1001,1175.4,8871.86,2869.78,19,0
ACC1005,ACC1000,1727.65,13231.52,8533.39,1,0
ACC1005,ACC1010,1151.17,1482.26,17960.3,1,0
ACC1001,ACC1009,1660.32,7617.27,18203.18,15,0
ACC1008,ACC1007,8203.15,10924.9,5009.94,15,0
ACC1005,ACC1002,3199.51,753.97,14486.83,9,0
ACC1006,ACC1000,8690.09,7507.22,3572.0,23,1
ACC1008,ACC1008,5512.57,15293.08,9990.52,4,0
ACC1001,ACC1001,641.48,12682.88,12354.98,18,0
ACC1010,ACC1006,1889.64,15761.05,19311.43,3,0
ACC1005,ACC1005,7255.41,9694.45,12809.98,6,0
ACC1005,ACC1005,3085.07,740.38,3775.49,15,0
ACC1006,ACC1005,2904.43,12345.23,976.17,20,0
ACC1006,ACC1007,7420.5,16441.34,7954.69,8,0
ACC1001,ACC1007,4699.16,4838.23,7878.99,20,0
ACC1005,ACC1005,1874.88,17846.31,1086.62,5,0
ACC1007,ACC1005,5062.71,1446.76,7310.09,0,1
ACC1006,ACC1005,6828.94,9401.78,3336.21,3,1
ACC1010,ACC1006,3598.97,16083.61,12325.01,2,1
ACC1001,ACC1008,4074.97,10187.91,5263.69,2,1
ACC1006,ACC1002,2197.63,4401.74,18706.11,12,0
ACC1002,ACC1007,5791.14,2951.93,7305.03,13,1
ACC1009,ACC1007,840.78,18066.36,8715.9,2,0
ACC1010,ACC1001,2013.69,3892.99,16050.5,19,0
ACC1001,ACC1009,7591.93,166.08,3000.4,5,1
ACC1001,ACC1006,2712.32,18271.65,15310.35,10,0
ACC1004,ACC1007,6351.59,7809.16,18252.87,22,0
ACC1010,ACC1009,3689.88,692.21,5696.36,6,0
ACC1001,ACC1006,7601.36,16930.34,5058.48,14,0
ACC1003,ACC1001,5172.36,11157.59,12138.42,8,0
ACC1006,ACC1000,975.37,6832.21,16726.95,16,0
ACC1007,ACC1002,7193.14,13601.38,6499.96,2,1
ACC1002,ACC1010,3245.31,11146.58,1620.02,12,0
ACC1010,ACC1003,269.52,4680.88,14892.26,16,0
ACC1001,ACC1010,3475.51,5447.95,9414.58,7,0
ACC1006,ACC1002,4404.12,16696.63,12720.72,8,0
ACC1007,ACC1005,699.03,14807.54,20.94,3,0
ACC1002,ACC1005,6806.33,6822.07,5357.13,20,0
ACC1008,ACC1009,4848.29,14857.69,17690.26,5,0
ACC1004,ACC1001,5434.56,571.6,18005.84,13,1
ACC1002,ACC1006,1010.8,13073.17,10619.8,13,0
ACC1002,ACC1008,2501.46,5792.73,2786.15,6,0
ACC1003,ACC1007,5416.46,3721.54,9175.36,9,1
ACC1005,ACC1010,4597.19,13475.26,2325.84,17,0
ACC1004,ACC1000,6535.77,14543.46,58.68,19,0
ACC1010,ACC1006,6561.24,9351.87,5887.34,19,0
ACC1004,ACC1009,116.47,17414.5,4276.84,4,0
ACC1004,ACC1004,8005.84,12911.06,1602.9,3,1
ACC1010,ACC1008,4838.27,14454.57,16040.82,18,0
ACC1004,ACC1000,5158.57,14095.98,18378.51,8,0
ACC1000,ACC1005,9829.56,14892.35,3620.17,23,0
ACC1007,ACC1004,4637.51,8275.03,2103.22,19,0
ACC1000,ACC1010,4589.66,16777.21,12992.94,12,0
ACC1006,ACC1006,4376.12,13199.45,5731.99,15,0
ACC1003,ACC1003,7118.94,9033.77,5029.08,9,0
ACC1009,ACC1002,2380.43,7025.44,1789.24,12,0
ACC1008,ACC1007,2171.27,19284.65,3511.19,12,0
ACC1010,ACC1005,9958.72,15597.09,11570.97,5,0
ACC1005,ACC1005,3271.52,15554.62,10178.76,14,0
ACC1005,ACC1004,2891.39,13898.66,6450.66,16,0
ACC1007,ACC1006,9963.71,7275.32,9165.83,10,1
ACC1007,ACC1003,3800.56,13086.95,1296.93,3,1
ACC1004,ACC1003,4471.69,19299.45,18246.0,17,0
ACC1000,ACC1010,7882.87,19697.97,221.12,1,0
ACC1005,ACC1007,8859.33,12452.3,19928.76,6,0
ACC1003,ACC1001,1806.94,16122.55,1103.61,8,0
ACC1004,ACC1004,7586.73,7632.23,1604.41,6,0
ACC1008,ACC1009,8063.55,4871.48,19341.3,12,1
ACC1009,ACC1008,2020.86,17651.22,17592.25,15,0
ACC1002,ACC1007,478.47,6133.54,17896.71,17,0
ACC1003,ACC1000,7145.47,2165.81,16.92,2,1
ACC1007,ACC1000,3851.66,5804.63,12784.7,15,0
ACC1001,ACC1000,3803.81,11481.09,9324.26,18,0
ACC1008,ACC1004,1321.67,18354.67,13620.13,11,0
ACC1008,ACC1003,5266.04,15965.05,9357.17,14,0
ACC1002,ACC1001,5160.6,18304.57,2565.57,1,0
ACC1005,ACC1007,3176.94,13545.77,3048.81,12,0
ACC1008,ACC1001,5980.19,2750.97,4215.26,7,1
ACC1005,ACC1001,1431.24,11531.18,9792.67,12,0
ACC1003,ACC1010,5772.07,13585.24,8765.26,7,0
ACC1008,ACC1005,5605.48,7402.86,17788.41,16,0
ACC1010,ACC1000,3726.47,4516.57,17401.43,17,0
ACC1009,ACC1005,2469.15,5762.57,3102.58,20,0
ACC1010,ACC1009,4537.47,14232.61,15612.9,20,0
ACC1005,ACC1008,7551.92,19225.59,6058.03,9,0
ACC1002,ACC1005,8957.53,11149.19,19325.2,10,0
ACC1006,ACC1001,7032.54,14940.36,7578.02,10,0
ACC1009,ACC1008,4294.52,4979.59,18235.38,13,0
ACC1007,ACC1008,2781.7,1674.85,16623.61,2,0
ACC1006,ACC1001,4688.97,4128.0,10091.2,4,0
ACC1003,ACC1008,7701.27,10042.53,4748.02,6,0
ACC1007,ACC1000,9204.71,14536.08,4490.67,14,0
ACC1007,ACC1000,1592.6,18227.66,9970.53,16,0
ACC1000,ACC1003,4456.44,15172.09,1130.61,13,0
ACC1008,ACC1009,3883.55,7573.02,17790.84,18,0
ACC1000,ACC1008,9669.7,12932.43,15125.69,22,0
ACC1005,ACC1009,9328.24,8569.53,15981.42,7,1
ACC1008,ACC1000,6102.66,18857.83,3248.04,15,0
ACC1006,ACC1000,9083.61,5315.47,12541.64,17,1
ACC1007,ACC1003,1179.18,5942.51,10017.09,15,0
ACC1007,ACC1000,934.2,1723.8,3536.97,21,0
ACC1010,ACC1003,2980.69,18096.02,11357.64,21,0
ACC1009,ACC1002,8199.02,9052.81,18805.98,6,0
ACC1010,ACC1005,7932.33,2942.45,12419.54,6,1
ACC1005,ACC1001,6031.86,18079.29,13290.05,12,0
ACC1005,ACC1000,1528.61,19828.38,15174.34,8,0
ACC1007,ACC1005,3766.32,11109.61,15140.02,20,0
ACC1001,ACC1005,5305.66,2686.54,15152.48,10,1
ACC1006,ACC1009,8602.36,13714.31,16971.11,6,0
ACC1002,ACC1009,5956.82,9535.74,16809.31,8,0
ACC1000,ACC1004,2042.28,12089.74,7639.01,5,0
ACC1003,ACC1005,431.41,1197.26,2630.43,23,0
ACC1003,ACC1003,2173.6,19822.91,9594.07,1,0
ACC1007,ACC1000,4836.92,14962.09,17659.22,15,0
ACC1000,ACC1009,1876.77,11585.48,12669.74,3,0
ACC1007,ACC1006,513.87,2922.66,6035.45,5,0
ACC1001,ACC1008,4171.51,9816.64,6435.83,9,0
ACC1003,ACC1003,3950.95,19445.44,12203.23,21,0
ACC1010,ACC1008,9017.98,13766.09,19952.86,3,1
ACC1000,ACC1009,5086.61,1699.61,768.62,2,1
ACC1004,ACC1009,4742.4,12600.51,5264.06,9,0
ACC1003,ACC1005,7261.99,5888.62,4229.61,3,1
ACC1009,ACC1003,5765.35,1394.22,13610.83,4,1
ACC1003,ACC1004,4248.74,9208.8,10218.06,19,0
ACC1001,ACC1010,4945.4,8772.37,9477.6,16,0
ACC1002,ACC1003,5992.33,10283.36,11885.9,5,0
ACC1000,ACC1000,2390.79,2335.78,2837.02,2,0
ACC1001,ACC1003,6279.23,1507.86,18241.04,13,1
ACC1010,ACC1000,7683.99,15869.26,19963.13,22,0
ACC1006,ACC1002,8700.11,9457.74,18796.42,11,0
ACC1003,ACC1004,4389.31,19738.15,8883.99,7,0
ACC1006,ACC1001,3779.88,13177.52,10288.7,14,0
ACC1003,ACC1003,9385.07,5336.85,8510.13,19,1
ACC1001,ACC1004,4737.11,11603.79,19610.87,5,0
ACC1002,ACC1002,4433.77,11747.38,6730.91,5,0
ACC1008,ACC1007,4786.47,1569.05,9236.82,16,0
ACC1004,ACC1002,6053.1,14056.64,17157.36,13,0
ACC1000,ACC1007,4267.99,539.57,1946.44,19,0
ACC1004,ACC1003,1298.36,15383.99,1050.24,9,0
ACC1010,ACC1003,3915.38,5915.71,9544.45,13,0
ACC1010,ACC1010,7534.46,14226.93,11598.02,1,0
ACC1005,ACC1001,2487.51,13923.93,7595.36,9,0
ACC1006,ACC1008,3940.48,4264.6,9998.98,3,1
ACC1008,ACC1008,3583.8,19359.03,13166.68,8,0
ACC1006,ACC1004,4305.55,18259.47,8726.31,10,0
ACC1002,ACC1009,7346.61,4863.56,9645.55,10,1
ACC1008,ACC1009,1915.79,9250.79,4161.47,4,0
ACC1005,ACC1007,3456.19,13140.51,948.08,16,0
ACC1008,ACC1007,377.7,10392.92,6781.02,23,0
